"","track.id","track.name","track.artist","track.popularity","track.album.id","track.album.name","track.album.release_date","playlist_name","playlist_id","playlist_genre","playlist_subgenre","danceability","energy","key","loudness","mode","speechiness","acousticness","instrumentalness","liveness","valence","tempo","duration_ms"
"181","0dzMcLqdF9NnNT3CgXJ5XG","Dying in Your Arms","Trivium",46,"21mOhkOtrPVySn4D2SbOAF","Ascendancy (Special Edition)","2005-03-07","Metal Essentials","37i9dQZF1DWWOaP4H0w5b0","music","metal",0.449,0.934,9,-3.623,0,0.0535,2.7e-05,0.000113,0.0734,0.698,159.953,173000
"164","68osIGtVjM7QWVe6pazLHj","Shadow Moses","Bring Me The Horizon",64,"6IYPmM3xsOPL2XPSvf1ZAz","Sempiternal (Expanded Edition)","2013-04-01","Metal Essentials","37i9dQZF1DWWOaP4H0w5b0","music","metal",0.456,0.985,6,-2.949,1,0.207,0.000235,0.00368,0.103,0.183,143.006,243320
"252","5SMolo3bLUix6sKOPuv60C","Winning Where Losing Is All","Solution .45",17,"20nWKxFCBQx9GIhzDmfKOh","Nightmares in the Waking State, Pt. 1","2015-11-20","Metal","1guEpZ6NKRPsvmSwWtEtbU","music","metal",0.391,0.954,2,-5.598,1,0.0879,2.09e-05,0.322,0.376,0.344,159.975,358360
"41","7fcfNW0XxTWlwVlftzfDOR","Walk","Pantera",72,"7kW0cpKgSVsEqcc8xgbSb0","Vulgar Display of Power","1992-02-21","Metal Mix","37i9dQZF1EQpgT26jgbgRI","music","metal",0.43,0.704,1,-8.008,0,0.0804,0.000155,0.00221,0.0933,0.703,118.242,315120
"174","0jI2IdL3Bco0a3IPc7pHbY","Thunder Kiss '65","White Zombie",0,"0hSRCjd8f3eGCEdeXD0hoL","La Sexorcisto: Devil Music Volume 1","1992-01-01","Metal Essentials","37i9dQZF1DWWOaP4H0w5b0","music","metal",0.684,0.859,9,-9.772,1,0.0401,0.000587,0.00285,0.467,0.517,112.663,234200
"418","1q9Mf29WFKeLbgOimPm1hl","Matter Of Time","Fight The Fade",46,"2TuYShywQwSIJt5htfRqH2","Matter Of Time","2021-05-26","Kickass Metal","37i9dQZF1DWTcqUzwhNmKv","music","metal",0.546,0.883,1,-2.691,1,0.0531,7.17e-05,5e-05,0.627,0.399,119.998,206250
"424","2rrwVJ0ji9HcO3gG5Y3GxY","Right Here Waiting (feat. Richard Marx)","Matthew K. Heafy",43,"1B4BDjYAVXwO42BbKI1CrB","Right Here Waiting (feat. Richard Marx)","2021-06-09","Kickass Metal","37i9dQZF1DWTcqUzwhNmKv","music","metal",0.438,0.978,0,-2.932,1,0.121,7.12e-06,0.829,0.176,0.146,105.975,212123
"517","73XEi2vkcuHWF2m9wiOfbu","Care","Dance Gavin Dance",54,"6rBnEJJUih41OU4AemGs4y","Artificial Selection","2018-06-08","METALCORE","79QHayucQm6M4wUlUbhQNQ","music","metal",0.256,0.965,6,-3.041,0,0.0926,0.0729,0,0.274,0.548,157.034,265606
"110","1eajy6fnktZk1rLVYWXr2P","Shedding Skin","Pantera",48,"70GAqt2avSiKBJ2IEymou1","Far Beyond Driven","1994","METAL WORKOUT MUSIC","4WZS2CWrUd86DUDJnsdXEq","music","metal",0.34,0.967,4,-7.505,1,0.105,0.000377,0.351,0.156,0.407,108.325,336800
"489","3HhaSocKwTptze7PySNZlW","Paranoia","A Day To Remember",63,"5rSgMFmmuaKQxma4bSEviU","Bad Vibrations (Deluxe Edition)","2016-09-02","METALCORE","79QHayucQm6M4wUlUbhQNQ","music","metal",0.409,0.992,3,-2.803,0,0.108,4.82e-05,2.03e-06,0.1,0.344,149.859,200677
"475","4Y4OfXxEfQ0NJPzMl09A9X","Bones","August Burns Red",0,"1CGuCTCgIZnHf0l3VoJlDR","Bones","2020-02-27","METALCORE","79QHayucQm6M4wUlUbhQNQ","music","metal",0.264,0.947,6,-5.372,1,0.126,3.54e-05,0.0366,0.26,0.369,180.096,255493
"197","4JlCtE5lFoJk5SNopehX7q","Perdition Haze","Disarmonia Mundi",35,"3ybcHvvgGqfc9lseIVO3KU","The Isolation Game","2009-12-09","Metal","1guEpZ6NKRPsvmSwWtEtbU","music","metal",0.391,0.983,11,-3.536,0,0.0779,7.94e-06,0.000265,0.253,0.17,144.035,260293
"209","7izrY0WSNgUt3kezTgMRwp","Parting Ways","Disarmonia Mundi",21,"2NdcTga3P6BbOtR2dnmdL7","Mind Tricks (Extended Version)","2006","Metal","1guEpZ6NKRPsvmSwWtEtbU","music","metal",0.436,0.995,7,-2.888,1,0.133,8.99e-06,0.867,0.086,0.183,123.585,241413
"286","2QqTzlPUkhz9bQDWXXiHR1","Enciphered III","Divine Disorder",8,"01f26cqA6rP4x4YQ43phM9","Garden of Dystopia","2014-11-03","Metal","1guEpZ6NKRPsvmSwWtEtbU","music","metal",0.239,0.934,0,-5.172,0,0.0763,4.77e-05,0.41,0.11,0.401,95.073,339907
"353","4SlFMlB9eD0Y48RXVp1ixR","Escape (Remastered)","Metallica",47,"2omIeSJEGQeKHPOpiXgfkr","Ride The Lightning (Deluxe Remaster)","1984-07-27","This Is Metallica","37i9dQZF1DXbj9Ksq4BAdj","music","metal",0.267,0.937,9,-5.841,1,0.101,0.00134,0.471,0.175,0.526,144.126,263867
"520","2tkc4hB4MCYuEqvLCGcAWc","Dust","Outline In Color",26,"6Fa7wxHRyK9SEfyqJGmuRm","Outline in Color","2019-02-08","METALCORE","79QHayucQm6M4wUlUbhQNQ","music","metal",0.269,0.955,8,-2.896,1,0.0748,0.000245,1.49e-05,0.0897,0.71,150.381,227763
"430","2u95xNbP7t1sqLqDJWHcD2","Lock Me Up","Sullivan King",52,"45soPQg7CQgBOWHgTBvIFf","LOUD","2021-06-25","Kickass Metal","37i9dQZF1DWTcqUzwhNmKv","music","metal",0.425,0.944,9,-4.707,1,0.0815,0.000342,0.000163,0.288,0.414,95.029,159125
"140","4jd6N8Rdu4GdfUi5v6KfZ2","I Dreamed I Died","DevilDriver",38,"3RewL4TyyrzZOiB0phpKRR","DevilDriver","2003-10-20","METAL WORKOUT MUSIC","4WZS2CWrUd86DUDJnsdXEq","music","metal",0.556,0.99,7,-4.601,1,0.0765,4.38e-05,0.000134,0.143,0.316,127.089,209600
"351","5IpHNGT95ldM7zqYvvCi04","Broken, Beat & Scarred","Metallica",0,"3wAdN3V06Btox7NjFfBKRC","Death Magnetic","2008-09-12","This Is Metallica","37i9dQZF1DXbj9Ksq4BAdj","music","metal",0.323,0.982,4,-1.459,1,0.0869,4.9e-05,0.00415,0.237,0.48,121.895,385467
"95","2nGcS04iRcE4IcKM1WPVlt","Needled 24 / 7","Children Of Bodom",49,"5sioP3tQQqCJNfaasEshLW","Hate Crew Deathroll","2003","METAL WORKOUT MUSIC","4WZS2CWrUd86DUDJnsdXEq","music","metal",0.425,0.926,2,-4.177,0,0.0511,2.4e-06,0.733,0.261,0.465,96.051,248600
"362","4hOohf45f0JtxYKNsEAIOV","For Whom The Bell Tolls","Metallica",0,"7a1dlwArQK6OCHkr2SNlZR","Ride The Lightning","1984-07-27","Metallica Greatest Hits","6036Dh6a3Igwx6JMldP5tV","music","metal",0.519,0.861,0,-6.67,1,0.0758,0.0173,0.00312,0.06,0.213,117.846,309933
"498","12vkme9IgoXduPrO5M6egn","Exit Wounds","Bad Omens",43,"44MsvFBCmQaIozNrcJe2XQ","Bad Omens","2016-08-19","METALCORE","79QHayucQm6M4wUlUbhQNQ","music","metal",0.336,0.991,5,-2.114,0,0.133,9.35e-06,1.32e-06,0.603,0.226,189.926,206290
"468","6lHtGRjsKMeLwUMXzRmeJW","Violent Bounce [People Like ¥øµ]","I See Stars",40,"0ofEcqNFO5GCb9mYwGbOXL","New Demons","2013-10-22","METALCORE","79QHayucQm6M4wUlUbhQNQ","music","metal",0.307,0.981,9,-2.964,0,0.281,0.000481,2.83e-05,0.126,0.165,83.889,279947
"499","3oNSGPJO6MDlMuN61p1wN4","Are You Coming With Me?","Crown The Empire",37,"3DyqJmc1Mged8dW8uo3vMe","Retrograde","2016-07-22","METALCORE","79QHayucQm6M4wUlUbhQNQ","music","metal",0.461,0.934,5,-5.27,0,0.0716,0.000143,2.41e-05,0.0441,0.499,147.885,229693
"101","5ZKb7ts6zcjZkkbupIOStT","End Of The Line","DevilDriver",43,"0CrQfayIQmC7V4Yhhvbm1d","The Fury Of Our Maker's Hand [Special Edition]","2005","METAL WORKOUT MUSIC","4WZS2CWrUd86DUDJnsdXEq","music","metal",0.524,0.987,9,-4.494,1,0.0716,0.00377,0.00314,0.0324,0.179,92.489,302307
"496","1PInWkBARsxLyouDqa2GtF","Can You Feel My Heart","Bring Me The Horizon",64,"4dhfdOEUI4tfqwdgouFTQA","Sempiternal (Deluxe Edition)","2013-04-02","METALCORE","79QHayucQm6M4wUlUbhQNQ","music","metal",0.235,0.86,4,-2.842,0,0.0561,0.00272,0.0969,0.388,0.342,127.788,227296
"104","3y2p2XXpgw5QHxKmokQEHQ","To the Threshold","Hatebreed",44,"3EYFN0Qx0TMeJwSVgWO1ky","Supremacy","2006-07-27","METAL WORKOUT MUSIC","4WZS2CWrUd86DUDJnsdXEq","music","metal",0.56,0.985,8,-3.711,1,0.109,0.000408,0.015,0.11,0.419,144.968,169547
"313","0wmjY0IiSvwFYSJ0PWpDwz","Until It Sleeps","Metallica",0,"2MD9zkmkFbrVyWy23nnAZQ","Load","1996-06-04","This Is Metallica","37i9dQZF1DXbj9Ksq4BAdj","music","metal",0.562,0.919,8,-4.458,0,0.0293,0.000223,0.113,0.142,0.728,113.357,269573
"226","5suOjGcwr3q8RwHJfJ2le6","The Battle of the Maginot Sphere","Shadow of Intent",33,"1WUMBHoxiaVlYPkZm0fJyj","Primordial","2016-01-10","Metal","1guEpZ6NKRPsvmSwWtEtbU","music","metal",0.411,0.981,10,-4.782,0,0.2,0.00022,0.834,0.173,0.0578,125.05,244460
"480","1dEkedqKwGjnCCMz1B5x86","It's Only Smiles","Periphery",0,"3WXa8NfBw2ef4oDhGmhv9h","Periphery IV: HAIL STAN","2019-04-05","METALCORE","79QHayucQm6M4wUlUbhQNQ","music","metal",0.187,0.933,3,-5.889,1,0.125,0.00104,3.73e-05,0.158,0.353,84.92,333000
"138","7zFfiVC2uZZMbCLw48kZYQ","Defeatist","Hatebreed",40,"3EYFN0Qx0TMeJwSVgWO1ky","Supremacy","2006-07-27","METAL WORKOUT MUSIC","4WZS2CWrUd86DUDJnsdXEq","music","metal",0.274,0.974,0,-4.151,1,0.211,0.00235,0,0.0818,0.485,164.819,199413
"184","7DuRbuweGD2cpGN74cpPAF","Stone the Crow","DOWN",56,"04BvRPJwuDeuJ3DhbAw9Wg","Nola","1995-08-29","Metal Essentials","37i9dQZF1DWWOaP4H0w5b0","music","metal",0.444,0.911,11,-6.117,0,0.0398,0.0139,0.00955,0.0868,0.556,106.437,282507
"344","52m8IrzripYje6bVxUILQU","Hit The Lights (Remastered)","Metallica",44,"7GttoSWxEi5lZvIWeSrh6n","Kill 'Em All (Deluxe Remaster)","1983-07-25","This Is Metallica","37i9dQZF1DXbj9Ksq4BAdj","music","metal",0.249,0.97,4,-5.535,0,0.21,4.3e-05,0.224,0.138,0.287,160.687,255867
"214","5X5E0W2hePPZePH9x3zQBy","Morgue of Centuries","Disarmonia Mundi",19,"2vaELMUL9ESzFBDjLu8a8t","Fragments Of D-Generation","2004","Metal","1guEpZ6NKRPsvmSwWtEtbU","music","metal",0.413,0.991,11,-1.27,0,0.0983,3.38e-05,0.952,0.646,0.134,116.057,258133
"254","0pLT6Eia1abvy3xNpOA8iI","Blood Like Gasoline","The Stranded",25,"31QWZQRtFvsdc5R8lU07cu","Survivalism Boulevard","2012-07-02","Metal","1guEpZ6NKRPsvmSwWtEtbU","music","metal",0.34,0.953,6,-4.852,1,0.0791,4.22e-06,0.537,0.197,0.422,170.139,219000
"90","2T2vudIHfVMA5ychWTU3KA","Are You Dead Yet?","Children Of Bodom",60,"4JtmC1dly1OaggJbhdYAyZ","Are You Dead Yet?","2005-01-01","METAL WORKOUT MUSIC","4WZS2CWrUd86DUDJnsdXEq","music","metal",0.461,0.961,8,-3.011,1,0.0479,6.39e-06,0.14,0.308,0.416,96.009,234880
"518","3ZxtJxj45lSs29dZjncz6M","Awkward","Dance Gavin Dance",48,"75Z98z7kl42oWcT0UvtO6e","Instant Gratification","2015-04-10","METALCORE","79QHayucQm6M4wUlUbhQNQ","music","metal",0.444,0.953,1,-2.999,0,0.111,0.075,1.31e-05,0.0669,0.511,140.981,241440
"379","7BQd7bXMRvyXyoLFpxz0hb","Balboa","Blind Channel",54,"2lhbyagwH1TXiCgzl9JXKs","Balboa","2021-08-12","Kickass Metal","37i9dQZF1DWTcqUzwhNmKv","music","metal",0.38,0.899,7,-3.554,1,0.165,0.00256,0,0.0626,0.406,82.828,192489
"423","15m6rXSYVBSVlLJzlikqkR","Rescue","Times Of Grace",48,"6ygbIiiYQAqY83z00ClZJW","Rescue","2021-07-04","Kickass Metal","37i9dQZF1DWTcqUzwhNmKv","music","metal",0.417,0.933,2,-5.3,0,0.0582,0.00142,0.414,0.153,0.157,146.075,222067
"422","2X5SHv5ubRTNIgMxxCPYdo","Ceremony","Deftones",54,"0VEFy5MsBiq0u2lWL0OwOd","Ohms","2020-09-25","Kickass Metal","37i9dQZF1DWTcqUzwhNmKv","music","metal",0.281,0.665,4,-5.003,1,0.0651,0.000792,0.0841,0.109,0.195,147.122,207752
"371","7dkoYHTW9WZU8N3lRg4fGA","Coup D'etat","Celestial Navigation",29,"622h5c9zF6iA70rjjBxWMz","Coup D'etat","2021-07-14","PoP","5FaXjpzV6zj0L0CJHyhk2r","music","pop",0.634,0.59,10,-9.753,0,0.0413,0.356,0.35,0.116,0.255,113.862,273199
"179","4ka1FkKAMde6dQAFFMXKac","i hope ur miserable until ur dead","Nessa Barrett",77,"3dv1xXXFHlv3WNSNsSZ93d","i hope ur miserable until ur dead","2021-08-06","Pop Rising","37i9dQZF1DWUa8ZRTfalHk","music","pop",0.708,0.555,2,-6.242,1,0.0306,0.0345,0,0.105,0.486,115.993,176447
"6","3HgvO4B5LLmdPOT2d8cSZd","Mónaco","LAGOS",81,"0t8H6Wc8P63LO0zj7kwZuj","Clásicos","2021-05-28","Pop Latino","37i9dQZF1DWSpF87bP6JSF","music","pop",0.699,0.654,11,-6.264,1,0.0383,0.054,7.08e-06,0.095,0.319,100.037,192313
"283","2DbQpyXOWGsKW2R9zSvFq9","Genesis","Jack & James",50,"4xbweuq0ljesUudzwQFNTD","Genesis","2021-05-21","Pop Hits 2000s - 2021","6mtYuOxzl58vSGnEDtZ9uB","music","pop",0.639,0.868,6,-5.613,0,0.0833,0.0159,0.255,0.249,0.123,128.096,154687
"445","4bPQs0PHn4xbipzdPfn6du","I Write Sins Not Tragedies","Panic! At The Disco",74,"2YeOhhJg3OWpN0F1VYPxtW","A Fever You Can't Sweat Out","2005-09-27","Pop Punk Powerhouses","37i9dQZF1DXa9wYJr1oMFq","music","pop",0.569,0.83,9,-4.106,0,0.14,0.0807,0,0.114,0.609,170.094,186635
"3131","5E5MqaS6eOsbaJibl3YeMZ","Homesick","Dua Lipa",66,"01sfgrNbnnPUEyz6GZYlt9","Dua Lipa (Deluxe)","2017-06-02","Pop Hits 2000s - 2021","6mtYuOxzl58vSGnEDtZ9uB","music","pop",0.426,0.224,6,-8.683,1,0.0391,0.948,0,0.112,0.399,85.728,230480
"129","6YvqWjhGD8mB5QXcbcUKtx","Love Story (Taylor’s Version)","Taylor Swift",73,"4hDok0OAJd57SGIT8xuWJH","Fearless (Taylor's Version)","2021-04-09","Pop Hits 2021","5TDtuKDbOhrfW7C58XnriZ","music","pop",0.627,0.792,2,-4.311,1,0.031,0.13,3.97e-06,0.0845,0.415,119.054,235767
"76","2CIYemjFXdmCWpJnfbtrD6","New Normal","Khalid",79,"3icfuNPdPHFm1FS8WdBvRk","New Normal","2021-07-21","Pop Mix","37i9dQZF1EQncLwOalG3K7","music","pop",0.39,0.534,0,-9.575,1,0.0709,0.0807,0,0.184,0.244,92.047,198765
"372","77AZys0kjDWHdymJgXcb3v","Don't Play With Me","Mareya",25,"6OtoQvkhDarb30tPopOzDp","Don't Play With Me","2021-07-30","PoP","5FaXjpzV6zj0L0CJHyhk2r","music","pop",0.759,0.586,10,-12.173,0,0.159,0.386,0,0.0768,0.506,130.001,193962
"192","0bI7K9Becu2dtXK1Q3cZNB","Don't Be Shy","Tiësto",72,"2TvfE8CY37OQIPVGcWYpEA","Don't Be Shy","2021-08-12","Pop Rising","37i9dQZF1DWUa8ZRTfalHk","music","pop",0.77,0.787,11,-3.748,0,0.0583,0.198,0,0.262,0.513,119.986,140500
"149","4uOB38YHMECrfSCQA3Jiud","Crazy While We're Young - Friendzone Remix","Crystal Skies",45,"21q6hILOPD7gmLBQgfiyzd","Crazy While We're Young - Friendzone Remix","2021-05-27","Pop Hits 2021","5TDtuKDbOhrfW7C58XnriZ","music","pop",0.608,0.689,0,-6.121,1,0.0436,0.154,2.45e-05,0.181,0.241,108.079,148056
"460","2g2a5kDeZexbUTD8abcvm6","Lifestyles of the Rich & Famous","Good Charlotte",69,"5CTygC3aONv7l0klY4k3hc","The Young and The Hopeless","2002-10-04","Pop Punk Powerhouses","37i9dQZF1DXa9wYJr1oMFq","music","pop",0.62,0.93,1,-3.685,1,0.0374,0.00043,0,0.0686,0.609,106.22,190173
"406","2oUwzk2gCthJBnZDkowV8S","Pray","Rex Evans",33,"5OZRCNshUJNlmRLY9NJD4Q","Dissonant","2021-03-19","PoP","5FaXjpzV6zj0L0CJHyhk2r","music","pop",0.701,0.626,2,-12.604,1,0.134,0.0437,1.14e-05,0.113,0.326,89.978,160000
"370","4NoM07yO0Luyv3OpeTwlyW","HEY NEIGHBOR!","poutyface",33,"65LLY7w9onclS0LDO6uxc7","POUTY PACK 1.0","2021-07-30","PoP","5FaXjpzV6zj0L0CJHyhk2r","music","pop",0.525,0.748,4,-7.569,0,0.0894,0.000453,0.0962,0.311,0.853,164.928,145000
"71","0MMyJUC3WNnFS1lit5pTjk","jealousy, jealousy","Olivia Rodrigo",90,"6s84u2TUpR3wdUv4NgKA2j","SOUR","2021-05-21","Pop Mix","37i9dQZF1EQncLwOalG3K7","music","pop",0.695,0.575,10,-6.334,0,0.116,0.198,0,0.0614,0.699,163.929,173160
"378","6ucDvJTROj98DF8iYDn5kc","Desperate Times","Brooke Williams",32,"0JWa2e0CGckkFsA8FFm5UT","Desperate Times","2021-06-17","PoP","5FaXjpzV6zj0L0CJHyhk2r","music","pop",0.646,0.683,11,-8.236,0,0.0407,0.112,0.000303,0.0776,0.189,94.966,200936
"253","4E6cwWJWZw2zWf7VFbH7wf","Love Song","Sara Bareilles",73,"2Z9WUERfMjOgQ6ze9TcGbF","Little Voice","2007-07-03","Pop Hits 2000s - 2021","6mtYuOxzl58vSGnEDtZ9uB","music","pop",0.583,0.786,2,-3.142,0,0.0301,0.0208,0,0.188,0.573,123.055,258827
"81","67BtfxlNbhBmCDR2L2l8qd","MONTERO (Call Me By Your Name)","Lil Nas X",97,"2Hjcfw8zHN4dJDZJGOzLd6","MONTERO (Call Me By Your Name)","2021-03-31","Pop Mix","37i9dQZF1EQncLwOalG3K7","music","pop",0.61,0.508,8,-6.682,0,0.152,0.297,0,0.384,0.758,178.818,137876
"419","1yfind4FPAb6wyUQykXufg","Flowin'","Fat$tax",27,"3OSamTkLv6sQOVho6WQV1t","Love Lies Money Buys","2021-01-01","PoP","5FaXjpzV6zj0L0CJHyhk2r","music","pop",0.77,0.415,8,-11.017,1,0.117,0.905,0,0.122,0.395,109.961,194182
"471","1iZTuY3wspO4DxFXBD58WX","Dammit","blink-182",0,"2ghxwONTYbBQNxkROvij6C","Greatest Hits (Explicit Version)","2005-11-01","Pop Punk Powerhouses","37i9dQZF1DXa9wYJr1oMFq","music","pop",0.384,0.981,0,-4.209,1,0.0872,2.54e-05,1.9e-05,0.106,0.307,109.052,166267
"426","7CJGyMcvmKMUx6rCOSgbgU","Perfect Love","MikeNova",20,"7zPiztlPZjlnqwSBUpBEry","Perfect Love","2020-12-03","PoP","5FaXjpzV6zj0L0CJHyhk2r","music","pop",0.701,0.911,11,-5.785,1,0.0852,0.142,0.00724,0.0927,0.394,126.004,188571
"380","7rxajIgfOQYjNyObVo7IcP","Sunset","Chief $upreme",42,"12WPSM4oQZW9nwuqOhP5UB","Sunset","2021-07-23","PoP","5FaXjpzV6zj0L0CJHyhk2r","music","pop",0.765,0.654,10,-7.978,0,0.0581,0.00443,0,0.0479,0.644,120.015,228964
"62","5PjdY0CKGZdEuoNab3yDmX","STAY (with Justin Bieber)","The Kid LAROI",89,"4bZJWQhHKJckFLJuYdvyX2","F*CK LOVE 3: OVER YOU","2021-07-23","Pop Mix","37i9dQZF1EQncLwOalG3K7","music","pop",0.591,0.764,1,-5.484,1,0.0483,0.0383,0,0.103,0.478,169.928,141806
"392","2Lv14ON0B47QeGkNI3oTPg","Nice to Meet You","Fran Pitre",32,"37d1qW4DotZLiJHelxpIDo","Follow Your Dreams","2020-11-01","PoP","5FaXjpzV6zj0L0CJHyhk2r","music","pop",0.671,0.755,11,-6.209,0,0.0382,0.209,7.41e-06,0.0407,0.639,126.039,233904
"382","4Sm8JMnj6WsvvEQo1YCE1d","Broken Glass","Arlen Seaton",30,"2ylpehH7RzTzekS4qVtxoS","Broken Glass","2021-07-23","PoP","5FaXjpzV6zj0L0CJHyhk2r","music","pop",0.741,0.842,6,-6.26,1,0.0915,0.251,0.4,0.0644,0.336,99.98,190987
"264","2aibwv5hGXSgw7Yru8IYTO","Snow (Hey Oh)","Red Hot Chili Peppers",78,"7xl50xr9NDkd3i2kBbzsNZ","Stadium Arcadium","2006-05-09","Pop Hits 2000s - 2021","6mtYuOxzl58vSGnEDtZ9uB","music","pop",0.427,0.9,11,-3.674,1,0.0499,0.116,1.75e-05,0.119,0.599,104.655,334667
"261","79cuOz3SPQTuFrp8WgftAu","There's Nothing Holdin' Me Back","Shawn Mendes",1,"5yYFrOnqG8cEciKnsxHz2r","Illuminate (Deluxe)","2017-04-20","Pop Hits 2000s - 2021","6mtYuOxzl58vSGnEDtZ9uB","music","pop",0.857,0.8,2,-4.035,1,0.0583,0.381,0,0.0913,0.966,121.996,199440
"359","5DI7KozdOGqgx2tpJB6zV8","Walk Away","Noah Yount",24,"6cwNuupqpO4pQkq3eFltvc","The HeartStrings L.P. (A Love Thing)","2021-01-01","PoP","5FaXjpzV6zj0L0CJHyhk2r","music","pop",0.511,0.42,5,-9.157,0,0.0491,0.746,0,0.126,0.34,99.461,196177
"165","5LtrJHnBO57EoVHsLR6xR8","Palm Reader","DREAMERS",57,"0QdTN7cbQCSTyzZqLQubCI","Palm Reader","2021-03-05","Pop Hits 2021","5TDtuKDbOhrfW7C58XnriZ","music","pop",0.813,0.774,9,-3.923,0,0.0341,0.012,4.53e-06,0.0616,0.909,105.997,180667
"216","3HGnIIdHYIbkowzLk8UHbE","Wishful Drinking (with Sam Hunt)","Ingrid Andress",72,"2vb8B3MYGjfYlGch4KlEfe","Wishful Drinking (with Sam Hunt)","2021-08-02","Pop Rising","37i9dQZF1DWUa8ZRTfalHk","music","pop",0.678,0.528,10,-7.317,1,0.0551,0.289,0,0.0734,0.614,79.018,194545
"74","0ct6r3EGTcMLPtrXHDvVjc","The Nights","Avicii",85,"0h2knr6qpiAq0tV5ri5JMF","The Days / Nights","2014-01-01","Pop Mix","37i9dQZF1EQncLwOalG3K7","music","pop",0.527,0.835,6,-5.298,1,0.0433,0.0166,0,0.249,0.654,125.983,176658
"106","2cc8Sw1OnCuA5bV8nqWqpE","You","Regard",83,"6cWawCk4DohREQA42eEOe1","You","2021-04-16","Pop Hits 2021","5TDtuKDbOhrfW7C58XnriZ","music","pop",0.691,0.695,0,-5.6,1,0.0367,0.0592,0,0.0647,0.514,106.064,233386
"193","1mSdbey7RstGLY2udgXv74","Essence (feat. Justin Bieber & Tems)","WizKid",66,"0Rn8NAh8NnoaCOt8r8Tc3e","Essence (feat. Justin Bieber & Tems)","2021-08-13","Pop Rising","37i9dQZF1DWUa8ZRTfalHk","music","pop",0.835,0.691,0,-5.828,1,0.113,0.0159,1.44e-05,0.108,0.581,103.999,263289
"420","5op6G3tzyAZRZnOJIOfnXC","Diva","Oral P",28,"1olID0fXa7eQqxMYyKweqq","Diva","2020-10-17","PoP","5FaXjpzV6zj0L0CJHyhk2r","music","pop",0.666,0.64,10,-5.819,0,0.133,0.362,0,0.0719,0.956,100.771,191356
"1401","3AZ0f6YkBQE8qUed8Is6r7","DEEP END","Grey",47,"0sm7bE4RGNVzGJo5IjCPfQ","DEEP END","2020-10-09","Pop Hits 2021","5TDtuKDbOhrfW7C58XnriZ","music","pop",0.661,0.534,1,-8.46,1,0.244,0.33,0,0.151,0.29,152.115,158923
"85","0UKUfxIkDAMZz7hMdiVX3m","Cover Me In Sunshine","P!nk",73,"061vVdNVxwouz0INdQeOkn","All I Know So Far: Setlist","2021-05-21","Pop Mix","37i9dQZF1EQncLwOalG3K7","music","pop",0.473,0.592,5,-6.859,1,0.138,0.0528,0,0.131,0.292,159.7,138573
"60","5CZ40GBx1sQ9agT82CLQCT","traitor","Olivia Rodrigo",94,"6s84u2TUpR3wdUv4NgKA2j","SOUR","2021-05-21","Pop Mix","37i9dQZF1EQncLwOalG3K7","music","pop",0.38,0.339,3,-7.885,1,0.0338,0.691,0,0.12,0.0849,100.607,229227
"336","6kwAbEjseqBob48jCus7Sz","Elastic Heart","Sia",70,"3xFSl9lIRaYXIYkIn3OIl9","1000 Forms Of Fear","2014-07-04","Pop Hits 2000s - 2021","6mtYuOxzl58vSGnEDtZ9uB","music","pop",0.421,0.791,9,-4.998,1,0.0496,0.0117,1.48e-05,0.146,0.499,130.075,257200
"288","3clsCV1f1E9u1Fge9ntulk","Alejandro","Lady Gaga",56,"7j7iPq5rokadGr1ZdJRGgE","The Fame Monster (International Deluxe)","2009-11-18","Pop Hits 2000s - 2021","6mtYuOxzl58vSGnEDtZ9uB","music","pop",0.626,0.799,11,-6.612,0,0.046,0.000358,0.00155,0.36,0.369,98.992,274213
"337","5jzKL4BDMClWqRguW5qZvh","Teenage Dream","Katy Perry",68,"2eQMC9nJE3f3hCNKlYYHL1","Teenage Dream","2010-01-01","Pop Hits 2000s - 2021","6mtYuOxzl58vSGnEDtZ9uB","music","pop",0.719,0.798,10,-4.582,1,0.0361,0.0162,2.34e-06,0.134,0.591,120.011,227741
"454","7hcYAIyiOVdmRhpGtSJRTP","Close To You (with Andy Grammer)","R3HAB",63,"18m3vqkIT2mnJwPuWfKiWl","Close To You (with Andy Grammer)","2021-04-09","Euphoria EDM","37i9dQZF1DWZ5Se2LB1C5h","music","edm",0.76,0.605,9,-8.119,1,0.0984,0.0886,2.09e-06,0.157,0.371,114.996,186261
"347","7nionv2ijjqUlg9m5iWPTc","Feel My Needs","WEISS",62,"1DhXzsPrJjFpwOKRPV2Hpu","Feel My Needs","2018-05-04","EDM HITS 2021","2c6a83zCufmxv8fkavkP06","music","edm",0.789,0.692,3,-5.966,0,0.0475,0.001,0.861,0.0505,0.774,121.998,208525
"36","5K6Ssv4Z3zRvxt0P6EKUAP","Heartbreak Anthem (with David Guetta & Little Mix)","Galantis",89,"6kBuGNoOGE7uiPhN82dcJ1","Heartbreak Anthem (with David Guetta & Little Mix)","2021-05-20","EDM","37i9dQZF1DX1kCIzMYtzum","music","edm",0.595,0.784,1,-4.878,1,0.102,0.216,0,0.0608,0.479,124.111,183726
"541","3pvzOXVL8KSqcdY3TJUHmf","Gangsta Bounce - Radio Edit","MDPC",0,"4IZtEfshmHoWJWHOtvl2PQ","Gangsta Bounce (Radio Edit)","2016-05-27","EDM BANGERS<U+0001F525><U+0001F387>","7BPQ05jTTWPB3BYss1ezp5","music","edm",0.666,0.918,1,-3.549,0,0.228,0.00398,0.000488,0.139,0.309,128.053,216107
"325","6tvtFyEdNpeurBkT2zNMEL","Your Love (feat. Jamie Principle)","Frankie Knuckles",52,"1OM6ULzT778hgqBI4stbFR","Four Most Cuts Presents - Frankie Knuckles vs. Mr Fingers","1987","EDM HITS 2021","2c6a83zCufmxv8fkavkP06","music","edm",0.698,0.871,4,-7.923,0,0.0423,0.0213,0.844,0.0751,0.179,117.562,407453
"3821","239Ch2cfQFVg9OrERoMe07","We Don't Quit It Out","CrazyDice",30,"1QHPeXk82QVbaL09O2Esah","We Don't Quit It Out","2021-07-27","EDM HITS 2021","2c6a83zCufmxv8fkavkP06","music","edm",0.774,0.749,6,-6.88,1,0.0485,0.00799,0.855,0.0821,0.578,127.015,195541
"51","5emTyRnoMTLc9G44RR6XIE","Bridged By A Lightwave - Radio Edit","deadmau5",55,"5GQm35tkCTK25fQmTou7Nu","Bridged By A Lightwave","2020-11-10","EDM","37i9dQZF1DX1kCIzMYtzum","music","edm",0.623,0.874,11,-6.782,0,0.0683,0.0197,0.0408,0.265,0.0512,127.976,172500
"529","2lfPecqFbH8X4lHSpTxt8l","Fade","Alan Walker",63,"5hVzpu6c6YFYRxMeqlKGSY","Fade","2014-11-19","EDM BANGERS<U+0001F525><U+0001F387>","7BPQ05jTTWPB3BYss1ezp5","music","edm",0.791,0.652,6,-4.092,1,0.0426,0.0112,0.109,0.0804,0.494,179.998,264014
"533","6Jao8qdCB3VYG4PhPzCEIm","The Right Song","Tiësto",0,"0mlX7TTEo5LtDbNmD0ikHw","The Right Song","2016-01-22","EDM BANGERS<U+0001F525><U+0001F387>","7BPQ05jTTWPB3BYss1ezp5","music","edm",0.514,0.907,3,-3.559,0,0.109,0.402,0.000284,0.308,0.374,125.015,205440
"490","69zxj1EFDfAouZu9JDmQld","Secrets - Radio Edit","Tiësto",62,"4p3CULd5VeCSikL0PYkoP3","Secrets (Radio Edit)","2015-04-03","EDM BANGERS<U+0001F525><U+0001F387>","7BPQ05jTTWPB3BYss1ezp5","music","edm",0.677,0.811,11,-4.53,0,0.043,0.0012,0.00761,0.0896,0.185,128.004,216967
"473","3kkTOTYoAxcRKaynA81o3O","How Deep Is This House","Fanatic Sounds",21,"7q0kk2sqMIeCpZ9gJixs5W","How Deep Is This House","2016-09-16","EDM BANGERS<U+0001F525><U+0001F387>","7BPQ05jTTWPB3BYss1ezp5","music","edm",0.745,0.883,11,-4.027,0,0.0455,0.00635,0.166,0.0699,0.763,127.977,251298
"354","7hXocDvLnqDaFTNAEfl47T","I Used to Love You (feat. Francci Richard) - Dub Mix","Jack Wins",49,"6DOhR0rMHWZhA6Owi4yjfS","I Used To Love You (feat. Francci Richard)","2017-03-10","EDM HITS 2021","2c6a83zCufmxv8fkavkP06","music","edm",0.627,0.932,0,-4.164,1,0.459,0.0843,0.000357,0.297,0.154,124.919,180480
"3621","7qeV2s8wpf7YoV8LyIklmr","Paradise","Rinsch",36,"0HRXZYKhhCWi7QdE71futq","Paradise","2021-06-20","EDM HITS 2021","2c6a83zCufmxv8fkavkP06","music","edm",0.834,0.342,9,-18.291,0,0.0637,0.0018,0.00542,0.0339,0.661,120.005,266073
"338","5yaGDSfEvvmmLl4yJBIRa6","Careless","Dusky",34,"2bSStrgE0GamGxKIyegXxz","Careless","2013-09-30","EDM HITS 2021","2c6a83zCufmxv8fkavkP06","music","edm",0.77,0.895,7,-8.102,0,0.0488,0.000195,0.897,0.0455,0.68,120.986,391686
"58","5erj647SYiDcIR8Zwi6tc9","It Gets Better","Swedish House Mafia",71,"5YZCCZpKDtTTxtQrVWLGL6","It Gets Better","2021-07-15","EDM","37i9dQZF1DX1kCIzMYtzum","music","edm",0.642,0.709,0,-7.064,1,0.0421,0.00176,0.505,0.291,0.0641,118.928,184611
"98","0HB3TWTeuben6vG6UW2CMd","Deep Down","Guantanamo Bae",0,"0p6VJfK0a1ZZBh4ncOii7A","Deep Down","2021-08-17","EDM Music 2021 (Top 100)","2e3dcRuo9uDH6qD3NOGKAL","music","edm",0.628,0.911,11,-3.763,0,0.378,0.0335,0,0.372,0.326,125.887,139062
"292","2dmZy75CTSv6BFo7IbO0eK","Mr. Saxobeat","Klaas",66,"70TSV0yHReXgd8pnbnrMmz","Mr. Saxobeat","2020-02-21","EDM Samplings","37i9dQZF1DXafD1g5rer7q","music","edm",0.638,0.889,11,-5.276,0,0.127,0.0476,0.0336,0.24,0.511,127.012,151181
"316","0rHEjyuPZBvoDjzX6gwhoU","The House Music Anthem (Move Your Body) [Frankie Knuckles 12"" Mix] [Remastered]","Frankie Knuckles",45,"0LGSyWK241irqO8VWC6I4k","Greatest - Frankie Knuckles","2014-04-28","EDM HITS 2021","2c6a83zCufmxv8fkavkP06","music","edm",0.812,0.922,4,-4.881,0,0.0992,0.0229,7.02e-06,0.72,0.623,122.309,402588
"550","2kSijCecfo9ywjCVpaFhcr","Slam Dunk (feat. Kstylis)","Valentino Khan",41,"2AYhASMICVE22oiSrwxw2E","Slam Dunk (feat. Kstylis)","2016-07-29","EDM BANGERS<U+0001F525><U+0001F387>","7BPQ05jTTWPB3BYss1ezp5","music","edm",0.717,0.979,9,1.258,1,0.143,0.00978,0.000156,0.0984,0.515,149.997,217600
"349","1Ei4I19L2hnsMQYAlaqQLM","Cheatin' (feat. MALIKA)","Nathan Dawe",63,"5TMEkU8Z3GWcIDI6xq5dDU","Cheatin' (feat. MALIKA)","2018-08-10","EDM HITS 2021","2c6a83zCufmxv8fkavkP06","music","edm",0.492,0.856,5,-3.476,1,0.0336,0.00153,0,0.495,0.391,123.913,178415
"188","0NqLRuU6dLVJcvGJRmXrHV","Need U","Mephi",42,"7AuYZj9PhctwuvtZq6vstp","Need U","2021-04-30","EDM Workout 2021 | Training Hits","0TsHgCCpifeNJg3d8z3Nfv","music","edm",0.758,0.66,0,-5.201,1,0.0459,0.00371,0.862,0.0539,0.187,125.012,245760
"535","6srThv0baveLRq4do7nRGB","Throwin' Elbows","Excision",1,"6f9YCl4C1j9JYbEpqKWr1J","Virus","2016-10-25","EDM BANGERS<U+0001F525><U+0001F387>","7BPQ05jTTWPB3BYss1ezp5","music","edm",0.574,0.94,11,-3.038,0,0.569,0.00317,0.0431,0.113,0.362,149.988,182400
"363","6oJYMynh0wnNruWcrO9zSj","Arbor","Areo",33,"3z1yFpTMss9vnlw5qbprSB","Primo Igne","2021-07-02","EDM HITS 2021","2c6a83zCufmxv8fkavkP06","music","edm",0.794,0.73,2,-9.234,0,0.0463,0.472,0.9,0.379,0.785,110.019,181734
"366","1Uwrul6ZM0aV67zxk9ePLD","You Shine","dj tani",32,"5mztvyHVeKydWlzRuLnpef","You Shine","2021-07-02","EDM HITS 2021","2c6a83zCufmxv8fkavkP06","music","edm",0.705,0.79,7,-6.458,1,0.0636,0.00795,0.00969,0.152,0.12,122.028,185548
"150","0sfbunyd3a7IFoWwEt8dsk","Don't Leave Me Alone (feat. Anne-Marie) - Oliver Heldens Remix","David Guetta",47,"4o8Y3L9WQvk3L3u9M0gngq","Don't Leave Me Alone (feat. Anne-Marie) [Oliver Heldens Remix]","2018-08-31","EDM Music 2021 (Top 100)","2e3dcRuo9uDH6qD3NOGKAL","music","edm",0.739,0.818,11,-6.717,0,0.0612,0.0079,5.56e-05,0.359,0.155,125.965,204224
"4201","2eZa3hJ7ClZ2c9EUq4Ikwz","SexyBack","DMNDS",66,"03I1cI2DiKee3PIScic7h6","SexyBack","2020-07-10","Euphoria EDM","37i9dQZF1DWZ5Se2LB1C5h","music","edm",0.766,0.872,9,-3.853,0,0.0602,0.0566,0.0829,0.0894,0.604,125.01,152047
"1841","6XsDcfq5foNEKHDBZ88Bqx","Lose Yourself","EBEN",51,"3y2J2GiTzaeklBj9b2COzT","Lose Yourself","2021-07-30","EDM Workout 2021 | Training Hits","0TsHgCCpifeNJg3d8z3Nfv","music","edm",0.522,0.809,2,-6.522,1,0.354,0.461,0,0.14,0.67,170.952,188096
"461","46lFttIf5hnUZMGvjK0Wxo","Runaway (U & I)","Galantis",75,"4QcXq4vTVN7dFb7bZa9jG2","Pharmacy","2015-06-05","EDM BANGERS<U+0001F525><U+0001F387>","7BPQ05jTTWPB3BYss1ezp5","music","edm",0.506,0.805,1,-4.119,1,0.0469,0.00711,0.00193,0.0856,0.383,126.008,227074
"307","4ta2AgTXW9HrT5lxzytP5j","Runnin'","Low Steppa",53,"0aYppgQsIs0EOph95SWDqx","Runnin'","2016-02-22","EDM HITS 2021","2c6a83zCufmxv8fkavkP06","music","edm",0.551,0.935,0,-4.101,1,0.0368,0.000653,0.00217,0.298,0.324,123.037,138537
"491","4oTLOoY9IAmOl9kwUFjyyn","Vibrations","Ephwurd",0,"5CdW0t97CwePdvxPCIKPz9","Vibrations","2016-10-31","EDM BANGERS<U+0001F525><U+0001F387>","7BPQ05jTTWPB3BYss1ezp5","music","edm",0.744,0.975,11,-0.908,0,0.104,0.0459,0.000345,0.12,0.235,127.981,174375
"67","6S2MDC31VIH79OwGU87L0s","Remember the Summer (feat. Karra)","Ummet Ozcan",56,"6B0znwNH8mpUMNgH7uO1H3","Remember the Summer (feat. Karra)","2021-06-04","EDM","37i9dQZF1DX1kCIzMYtzum","music","edm",0.563,0.83,0,-5.984,0,0.0339,0.014,8.16e-05,0.121,0.146,128.04,170625
"4681","23esYuVQ2NzZQwGhIOxFbN","Chupacabra","Carnage",31,"7aAyZ5UMcbB7qAqXZ6eNz2","Chupacabra","2017-06-30","EDM BANGERS<U+0001F525><U+0001F387>","7BPQ05jTTWPB3BYss1ezp5","music","edm",0.79,0.686,1,-3.636,1,0.18,0.0833,0.0429,0.211,0.156,149.958,294404
"40","273n4aGEPcL1HrcdhpGGul","Around The World (feat. NOUMENN)","KSHMR",60,"5mbOLvo8EOsUyuKStqC0aY","Around The World (feat. NOUMENN)","2021-02-19","EDM","37i9dQZF1DX1kCIzMYtzum","music","edm",0.582,0.863,5,-4.067,1,0.0356,0.0334,1.42e-05,0.371,0.333,112.073,199018
"227","5KC7ginqShi7mhDQLttQh0","Get in Trouble (So What)","Dimitri Vegas & Like Mike",64,"7GBK0goW5wG8bJUy65QDCE","Get in Trouble (So What)","2020-06-05","EDM Workout 2021 | Training Hits","0TsHgCCpifeNJg3d8z3Nfv","music","edm",0.558,0.99,1,-3.877,1,0.128,0.000206,0.376,0.0797,0.0738,138.074,161739
"187","7eoovBqaW0Ym3ChbJggX2D","Virtual Gaming - Tokyo Machine Remix","Naeleck",52,"7pCVmIEV9I4z2jZ9y3ESnF","Virtual Gaming (Tokyo Machine Remix)","2021-02-19","EDM Workout 2021 | Training Hits","0TsHgCCpifeNJg3d8z3Nfv","music","edm",0.727,0.934,9,-3.026,1,0.254,0.0132,0.597,0.0588,0.578,128.045,215625
"428","61ZM92T2zaXIVsqncThQzC","In Your Eyes (feat. Alida)","Alida",71,"7Aq8cN8Br8AHcDqC327dlV","In Your Eyes (feat. Alida)","2020-01-10","Euphoria EDM","37i9dQZF1DWZ5Se2LB1C5h","music","edm",0.57,0.672,8,-5.888,0,0.0716,0.172,1.04e-06,0.0768,0.461,120.018,208222
"562","3KFei4ncqdevg1vZaAZgIL","I Need You To Know","Armin van Buuren",54,"0GszUkmBG6eFyU7sYSmjpt","I Need You To Know","2020-07-10","EDM Hits","37i9dQZF1DX3Kdv0IChEm9","music","edm",0.44,0.739,1,-5.341,0,0.0494,0.0221,0,0.561,0.156,127.62,180000
"439","65tQ1ZL4Q5uKsghVoj1O8o","Sorry","Alan Walker",12,"4ovjS3yvn1WNjtrUQWwlnd","Sorry","2021-01-29","Euphoria EDM","37i9dQZF1DWZ5Se2LB1C5h","music","edm",0.548,0.556,5,-7.048,0,0.0413,0.433,0.0577,0.123,0.169,87.753,165000
"4601","2cZLzOZgVEv0YXXwOmh54A","Cold Water - Afrojack Remix","Major Lazer",38,"33Td2oa2lLAeblqViPpEVL","Cold Water (Remixes)","2016-09-09","EDM BANGERS<U+0001F525><U+0001F387>","7BPQ05jTTWPB3BYss1ezp5","music","edm",0.581,0.908,9,-4.494,1,0.0371,0.00693,0.00432,0.074,0.466,149.995,190707
"425","3RQMCAfUMzRCSW93LCRiJy","Leave A Little Love","Alesso",64,"7b6PW07JgJwP6ONZo0ipbS","Leave A Little Love","2021-02-26","Euphoria EDM","37i9dQZF1DWZ5Se2LB1C5h","music","edm",0.671,0.855,7,-4.254,0,0.0375,0.00437,0,0.131,0.329,117.98,187029
"376","3zmySiBrjkMtbbtKSff2Pd","Lust","Lil Skies",46,"1OJ1yjbMehruguD0h0b9yR","Lust","2017-12-13","rAP","2iCm7aXr0p4oT2pEa1ip8x","music","rap",0.718,0.767,9,-5.641,1,0.166,0.138,0,0.114,0.519,160.084,156000
"88","1ioaV68BICIiSHpcqSUVHR","You Know","Funk Flex",57,"2m365CPlTymuHRiQPqbTE6","You Know","2021-04-23","Rap Workout","37i9dQZF1DX76t638V6CA8","music","rap",0.891,0.585,0,-6.122,0,0.131,0.0752,0,0.134,0.24,125.024,111387
"154","7rvyVWja33WG9R97oeJAjx","Envy Me","Calboy",71,"6gH6TAkytLzyXYiTbJQL0O","Wildboy","2019-05-31","Rap Hits 2015-2021","72kAnCjd59qaVqiQTcDPwD","music","rap",0.74,0.488,1,-7.664,0,0.27,0.234,0,0.241,0.584,149.042,120133
"393","727Ya71RqL4oMkSLly18sA","You Know","NAV",43,"6VFETcEfjilkAng073KLt9","Perfect Timing","2017-07-21","rAP","2iCm7aXr0p4oT2pEa1ip8x","music","rap",0.858,0.348,10,-11.152,1,0.241,0.0681,0,0.0938,0.109,120.997,209347
"341","5qbcsZMwL0x46sX7VO37Ye","Up","NAV",60,"4JR29CNW14Zc4Z5vflxkoJ","NAV","2017-02-24","rAP","2iCm7aXr0p4oT2pEa1ip8x","music","rap",0.66,0.491,8,-6.645,0,0.101,0.0338,0,0.101,0.376,154.132,199520
"127","4XdIgR5OMSp0MvFMw043TU","Virus","Yola Ktwo",33,"6Ydc8QIIDzFEkiKBcMMrN0","Matte Black","2021-06-15","Rap Hits 2015-2021","72kAnCjd59qaVqiQTcDPwD","music","rap",0.775,0.627,5,-8.06,0,0.0657,0.00992,0,0.0939,0.781,124.946,298096
"121","3QTHaV6RKVfQRFVBnqwg4b","Freestyle","Blockstar Mixey",41,"6PMT9xrDDpozQ4wBI84YPr","Freestyle","2021-07-15","Rap Hits 2015-2021","72kAnCjd59qaVqiQTcDPwD","music","rap",0.832,0.642,1,-9.244,1,0.444,0.0158,0,0.0496,0.894,137.197,84171
"19","2BITQ360Knh6qNAOqR7Dyq","Miss The Rage (feat. Playboi Carti)","Trippie Redd",85,"1FsFHXroF1ILBdVyBRMt3A","Miss The Rage (feat. Playboi Carti)","2021-05-07","RapCaviar","37i9dQZF1DX0XUsuxWHRQd","music","rap",0.584,0.859,8,-5.616,1,0.121,0.0144,0,0.847,0.369,77.005,236883
"401","5KWwD9LzZa6ruNYGNqAqoN","Ball Is Life (feat. Jack Harlow)","Swae Lee",59,"42WcUIaTj6ggCHj6bNelpB","Madden NFL 22 Soundtrack","2021-08-13","RapCaviar","37i9dQZF1DX0XUsuxWHRQd","music","rap",0.79,0.606,10,-5.69,1,0.228,0.114,0,0.127,0.288,136.005,323319
"279","18vXApRmJSgQ6wG2ll9AOg","RAPSTAR","Polo G",80,"7KSf6p0G0mZd7j60etVTwT","Hall of Fame","2021-06-11","Hip Hop Mix","37i9dQZF1EQnqst5TRi17F","music","rap",0.789,0.536,6,-6.862,1,0.242,0.41,0,0.129,0.437,81.039,165926
"1011","3ONOaL3DHvKOgNH9Fif8Ms","Drop The Top","Reggie Mills",48,"6GjbgEXt6CIfPYMReYKdAI","Drop The Top","2020-05-08","Rap Hits 2015-2021","72kAnCjd59qaVqiQTcDPwD","music","rap",0.657,0.605,9,-7.936,0,0.137,0.517,0,0.142,0.26,140.062,123429
"403","2jJqx7SPGBonJGSHMejEXP","Car Sick (feat. NAV & Metro Boomin)","Gunna",0,"6caD9fY0HMXWCqg8uWL2vs","Drip Season 3","2018-02-02","rAP","2iCm7aXr0p4oT2pEa1ip8x","music","rap",0.859,0.573,7,-6.24,1,0.387,0.101,0,0.0922,0.4,150.003,219817
"27","26BMsCXJpD7eYtP7ufhApC","Outside (Better Days)","Blueface",80,"1DJ4bBATfVNTZ3Y0JlX9oi","Outside (Better Days)","2021-06-02","RapCaviar","37i9dQZF1DX0XUsuxWHRQd","music","rap",0.67,0.424,9,-14.297,0,0.292,0.333,0,0.112,0.743,77.685,148715
"158","1n8wr8tRHs5jmBxNWXedcn","Bands (feat. OhGeesy, Fenix Flexin & Master Kato)","Shoreline Mafia",69,"2rSKi2QJ6v22f464Uq3ose","Shoreline Mafia Presents Rob Vicious: Traplantic","2018-07-13","Rap Hits 2015-2021","72kAnCjd59qaVqiQTcDPwD","music","rap",0.9,0.385,1,-12.189,0,0.435,0.371,0,0.142,0.488,99.964,174336
"240","6n4U3TlzUGhdSFbUUhTvLP","Walk It Talk It","Migos",75,"7fd7SEK25VS3gJAUgSwL6y","Culture II","2018-01-26","Rap Hits (2010 - 2021)","4riovLwMCrY3q0Cd4e0Sqp","music","rap",0.907,0.633,2,-5.145,1,0.184,0.0876,2.6e-06,0.106,0.395,145.914,276147
"4","27NovPIUIRrOZoCHxABJwK","INDUSTRY BABY (feat. Jack Harlow)","Lil Nas X",96,"622NFw5Yk0OReMJ2XWcXUh","INDUSTRY BABY (feat. Jack Harlow)","2021-07-23","RapCaviar","37i9dQZF1DX0XUsuxWHRQd","music","rap",0.736,0.704,3,-7.409,0,0.0615,0.0203,0,0.0501,0.894,149.995,212000
"269","4vaxvNDaLSoD36iZX515ug","Betrayed","Lil Xan",71,"2wmmYoAC48iNSTdU5Iwg6H","TOTAL XANARCHY","2018-04-06","Rap Hits (2010 - 2021)","4riovLwMCrY3q0Cd4e0Sqp","music","rap",0.821,0.434,10,-9.194,0,0.118,0.434,0,0.128,0.241,120.012,187173
"200","09DK3vsYEFOP2JoiGsnJkF","Gettin Paid","Butla Jones",28,"2s3XeTOGYRbuTDX77B90Pw","Gettin Paid","2021-03-30","Rap Hits (2010 - 2021)","4riovLwMCrY3q0Cd4e0Sqp","music","rap",0.784,0.507,7,-9.465,1,0.288,0.0557,1.9e-06,0.289,0.664,74.628,132053
"400","694J4C7mBU2dWxQBphFslt","Buttcheeks","6 Dogs",52,"5gWNF8OJ7xsHWzqoeSQZx0","Buttcheeks","2018-01-26","rAP","2iCm7aXr0p4oT2pEa1ip8x","music","rap",0.709,0.362,11,-13.556,1,0.249,0.165,0.000132,0.107,0.455,146.023,187681
"205","1wHZx0LgzFHyeIZkUydNXq","Antidote","Travis Scott",74,"4PWBTB6NYSKQwfo79I3prg","Rodeo (Expanded Edition)","2015-09-04","Rap Hits (2010 - 2021)","4riovLwMCrY3q0Cd4e0Sqp","music","rap",0.713,0.526,1,-5.046,1,0.032,0.00767,0.000148,0.124,0.131,131.05,262693
"2271","3NJG6vMH1ZsectZkocMEm0","Tiimmy Turner","Desiigner",69,"7zf9kyxc3ZhJv79HrjTRir","Tiimmy Turner","2016-07-22","Rap Hits (2010 - 2021)","4riovLwMCrY3q0Cd4e0Sqp","music","rap",0.603,0.725,6,-3.054,1,0.0393,0.174,0,0.0786,0.304,122.803,239853
"207","1tkg4EHVoqnhR6iFEXb60y","What You Know Bout Love","Pop Smoke",85,"7e7t0MCrNDcJZsPwUKjmOc","Shoot For The Stars Aim For The Moon","2020-07-03","Rap Hits (2010 - 2021)","4riovLwMCrY3q0Cd4e0Sqp","music","rap",0.709,0.548,10,-8.493,1,0.353,0.65,1.59e-06,0.133,0.543,83.995,160000
"160","4dAMdQ6g4kGmnc1MDHsg77","Shotta Flow","NLE Choppa",64,"4O6AXVdjqdJiGYlEm7fz0o","Shotta Flow","2019-01-17","Rap Hits 2015-2021","72kAnCjd59qaVqiQTcDPwD","music","rap",0.888,0.43,9,-6.728,1,0.588,0.0786,1.58e-06,0.132,0.45,120.088,160013
"321","6HbGKJJqQ67K2TwzOndeTj","I Don't Care","NAV",46,"6VFETcEfjilkAng073KLt9","Perfect Timing","2017-07-21","rAP","2iCm7aXr0p4oT2pEa1ip8x","music","rap",0.826,0.426,8,-9.426,1,0.238,0.392,1.77e-06,0.172,0.316,121.094,266467
"189","5PTG6rrL6EPFD9E2QMI2pl","JAPAN","Famous Dex",70,"5wCuMMmsjXNZ9yU91sEjf7","Dex Meets Dexter","2018-04-06","Rap Hits 2015-2021","72kAnCjd59qaVqiQTcDPwD","music","rap",0.733,0.678,6,-7.771,1,0.438,0.121,0,0.344,0.841,175.985,142000
"394","2XW4DbS6NddZxRPm5rMCeY","God's Plan","Drake",1,"1r0DOIO0iC0bGpMtWRFdde","Scary Hours","2018-01-20","rAP","2iCm7aXr0p4oT2pEa1ip8x","music","rap",0.758,0.448,7,-9.441,1,0.103,0.0309,8.67e-05,0.558,0.373,77.176,198960
"318","4YJmZfvlheSziXem8HBWrj","Still Here","Drake",18,"0G1ffjfFuTUTVjDrVdLimH","Views","2016-05-13","rAP","2iCm7aXr0p4oT2pEa1ip8x","music","rap",0.833,0.431,0,-9.604,1,0.194,0.0267,0,0.633,0.224,133.938,189853
"178","5gQcxYXqnofyocKgEbGYKt","Bounce Out With That","YBN Nahmir",66,"6l4itLa2SkBAVBASZ2WKFv","YBN: The Mixtape","2018-09-07","Rap Hits 2015-2021","72kAnCjd59qaVqiQTcDPwD","music","rap",0.864,0.664,8,-7.315,1,0.104,0.0476,0,0.0863,0.381,94.932,99108
"125","62G18y3RBPwYAdDyIagPye","Paperchase","namesbliss",21,"4BfjT8lRDIn8xE9tDdLVmd","Paperchase","2021-04-16","Rap Hits 2015-2021","72kAnCjd59qaVqiQTcDPwD","music","rap",0.745,0.694,4,-8.255,0,0.326,0.115,1.49e-05,0.329,0.608,142.863,154405
"72","5R691ipUYRDYW6ehapjoj6","9 5 . s o u t h","J. Cole",75,"4JAvwK4APPArjIsOdGoJXX","The Off-Season","2021-05-14","Rap Workout","37i9dQZF1DX76t638V6CA8","music","rap",0.713,0.793,2,-5.277,1,0.397,0.271,0,0.727,0.203,71.724,196946
"9","4LaGu95Ui2s4vprSQYWUAZ","Bout A Million (feat. 42 Dugg & 21 Savage)","Pop Smoke",81,"2MlT9dGKoGH2hsfcz7UUXL","Faith","2021-07-16","RapCaviar","37i9dQZF1DX0XUsuxWHRQd","music","rap",0.716,0.67,0,-6.995,0,0.101,0.526,0,0.13,0.411,145.043,203586
"334","6kig1UFggPUyZBCvXD3Wod","No Complaints","Metro Boomin",1,"4VXEIoFGEjhFMW7wYAvWSf","No Complaints","2017-06-23","rAP","2iCm7aXr0p4oT2pEa1ip8x","music","rap",0.913,0.498,2,-10.742,1,0.165,0.0829,0.0369,0.0799,0.217,123.975,261733
"901","7eX3um6NpOQKWJMGCi97XD","Real As It Gets (feat. EST Gee)","Lil Baby",74,"0SO86DCFiwaTqchBpujace","Real As It Gets (feat. EST Gee)","2021-03-04","Rap Workout","37i9dQZF1DX76t638V6CA8","music","rap",0.779,0.705,6,-5.891,0,0.163,0.00471,0,0.0971,0.196,140.005,192804
"99","2saVLAlAsNZ5JrcdztNZAd","Amor Caliente","Lor Sosa",25,"148HTpHsM3e5NwLqaCXAhy","Amor Caliente","2021-04-12","Rap Hits 2015-2021","72kAnCjd59qaVqiQTcDPwD","music","rap",0.921,0.528,5,-6.574,0,0.0693,0.0433,0.000218,0.128,0.556,119.963,192000
"118","7BkuUz1MZWrglXeYvE5JEG","ROCKST17R LIFE","3NIGMA",36,"6vMKvVjk9erUAlzLXzma2S","ROCKST17R LIFE","2020-11-28","Rap Hits 2015-2021","72kAnCjd59qaVqiQTcDPwD","music","rap",0.788,0.742,8,-5.727,0,0.152,0.0144,1.25e-05,0.24,0.462,136.023,120320
"231","7EoSDrwBPUBeBEORrpvgko","Water","Ugly God",57,"0v4EQZn8clJmIKltNv5h0Y","The Booty Tape","2017-08-04","Rap Hits (2010 - 2021)","4riovLwMCrY3q0Cd4e0Sqp","music","rap",0.816,0.245,0,-15.617,0,0.414,0.616,0.000813,0.127,0.187,140.04,138936
"11","1JXBNvlDEl2epKSJ9EOgKX","NOT SOBER (feat. Polo G & Stunna Gambino)","The Kid LAROI",85,"4bZJWQhHKJckFLJuYdvyX2","F*CK LOVE 3: OVER YOU","2021-07-23","RapCaviar","37i9dQZF1DX0XUsuxWHRQd","music","rap",0.671,0.639,2,-6.852,0,0.134,0.0928,0,0.0941,0.385,119.82,216000
"369","3OJq3VFyNrU0INcTwPyjbD","Bali (feat. Nav)","88GLAM",0,"6ltW6zTSQ5LSmhpbtybuZh","88glam","2017-11-07","rAP","2iCm7aXr0p4oT2pEa1ip8x","music","rap",0.646,0.503,11,-7.218,1,0.0402,0.097,0,0.13,0.509,158.027,185316
"1041","6uFn47ACjqYkc0jADwEdj1","Pop Out (feat. Lil Tjay)","Polo G",79,"26ztFK3E69j5THJQdyxC5w","Die A Legend","2019-06-07","Rap Hits 2015-2021","72kAnCjd59qaVqiQTcDPwD","music","rap",0.772,0.639,1,-7.119,1,0.467,0.15,0,0.0698,0.261,168.112,166560
"3711","5IKOXYnhzrLxqhlI0btiaa","Red Roses (feat. Landon Cube)","Lil Skies",49,"047y12GiVsTCSuYZkmboNM","Red Roses (feat. Landon Cube)","2017-07-15","rAP","2iCm7aXr0p4oT2pEa1ip8x","music","rap",0.599,0.818,9,-4.215,0,0.0881,0.717,1.41e-05,0.228,0.475,140.009,262062
"410","0J1KDL7iu717SK1yr93rRb","4K","Duckwrth",54,"7Ad5KfoMmcEL3FRLRZ7zFa","4K","2021-07-28","R&B Hits 2021","1Os7m597ihMJ4xTohCkZIz","music","r&b",0.789,0.628,4,-5.447,0,0.0466,0.025,5.12e-05,0.634,0.401,126.064,187619
"146","48TPQWN8wy8vgJ0rKWM0z3","Under","Pleasure P",47,"0jIA4y3EGDkw8QB5HlLWwK","The Introduction of Marcus Cooper","2009-06-05","Throwback R&B 90s/00s","7Ll3CWx8VwRan0FFamai5X","music","r&b",0.675,0.678,5,-7.151,0,0.0625,0.202,1.49e-06,0.144,0.474,119.986,231160
"244","0k4d5YPDr1r7FX77VdqWez","You Right","Doja Cat",88,"1nAQbHeOWTfQzbOoFrvndW","Planet Her","2021-06-25","Are & Be","37i9dQZF1DX4SBhb3fqCJd","music","r&b",0.828,0.621,8,-6.414,1,0.0565,0.0164,0.00233,0.0845,0.436,128.986,186173
"203","1oQQ5pf4hft7C3s75B8fXb","Set It Off","Bryson Tiller",50,"7nn2Iaphg0Vc1NCGULkhVo","True to Self","2017-05-26","R&B<U+0001F31D><U+0001F699>","2XJrbwmOHAaY8Pgy8Q4UUC","music","r&b",0.538,0.507,7,-10.181,0,0.177,0.549,1.11e-06,0.231,0.27,145.967,217200
"506","1XslqSASDWaMZdjhWa7Jb7","Bye bye my blue","Yerin Baek",55,"22qM69DGAvUsSyQfVh8Lgm","Bye bye my blue","2016-06-20","TrenChill K-R&B","37i9dQZF1DXbirtHQBuwCo","music","r&b",0.511,0.539,3,-6.726,1,0.114,0.613,3.16e-06,0.121,0.297,87.702,203410
"446","1RDLbX9L2G4zDqxXCaMJo5","Long Nights","6LACK",63,"37O0Syq7Db1kydzUH8TbwB","6pc Hot EP","2020-06-26","R&B Hits 2021","1Os7m597ihMJ4xTohCkZIz","music","r&b",0.744,0.325,3,-9.503,0,0.0642,0.358,1e-06,0.102,0.128,110.063,157021
"2521","3XFY3bKOme4E3QhJqHS1Pi","Leave The Door Open - Live","Bruno Mars",65,"2gGhczmNc2vRIdqV4Rmhxq","Leave The Door Open (Live)","2021-04-01","Are & Be","37i9dQZF1DX4SBhb3fqCJd","music","r&b",0.532,0.683,5,-7.449,1,0.0541,0.351,0,0.984,0.563,147.837,260270
"191","06u5LrUpbosQlQ1QJFhPpG","Drew Barrymore","SZA",73,"76290XdXVF9rPzGdNRWdCh","Ctrl","2017-06-09","R&B Mix","37i9dQZF1EQoqCH7BwIYb7","music","r&b",0.577,0.523,0,-5.538,0,0.0429,0.491,0,0.147,0.29,134.93,231400
"137","1Dx8rIZaXzZPvUQRF2j9hB","Sweet Lady","Tyrese",59,"1srJ4xgMWliQdwquG81ObA","Tyrese","1998-08-31","Throwback R&B 90s/00s","7Ll3CWx8VwRan0FFamai5X","music","r&b",0.588,0.522,9,-6.254,0,0.0383,0.233,0,0.24,0.584,66.024,290600
"270","7aJwamBFV2pjHTXUnlDgZb","FWM","Tone Stith",62,"19yDmZ6XifuMc31QkkmRVl","FWM","2021-02-05","Are & Be","37i9dQZF1DX4SBhb3fqCJd","music","r&b",0.615,0.551,7,-6.763,0,0.144,0.285,0.00105,0.109,0.363,142.019,196657
"3931","6YGUGXnqeu7e9D6sAO0GNR","Raindance","MANILA GREY",35,"2wNYSXK9UBfBj5sGYOJpfT","No Saints Loading","2019-11-27","R&B Hits 2021","1Os7m597ihMJ4xTohCkZIz","music","r&b",0.495,0.602,1,-7.324,1,0.222,0.827,0,0.117,0.839,75.649,196534
"3361","7Jwwv9Wd0bcnB2J4839dwS","Nuthin' But A 'G' Thang","Snoop Dogg",0,"5kZgCKZRMRRkZWHxXJRNz3","Nuthin' But A G Thang: Snoop Doggy Dogg & Friends","2011-09-11","R&B 2000s Greatest hits","1UQxILdfMFpi4kWrqAw1ux","music","r&b",0.816,0.702,11,-8.055,0,0.284,0.00584,0,0.301,0.675,94.618,235187
"438","0KS2h61pHQ4WmOwruD7uxD","Damage","H.E.R.",68,"2pPGkrEYiHUmqSyg3sAGII","Damage","2020-10-21","R&B Hits 2021","1Os7m597ihMJ4xTohCkZIz","music","r&b",0.646,0.696,1,-6.505,1,0.065,0.113,0,0.115,0.18,81.336,223415
"305","2bnDTGikdoO8CwzlAPyBHR","Airplanes, Pt. II (feat. Eminem & Hayley Williams of Paramore)","B.o.B",60,"7apLPYT8szV1IqTxyVSy5P","B.o.B Presents: The Adventures of Bobby Ray","2010-04-27","R&B 2000s Greatest hits","1UQxILdfMFpi4kWrqAw1ux","music","r&b",0.665,0.878,6,-4.745,0,0.206,0.00325,0,0.0663,0.394,93.047,319293
"472","0JL7DoEqAUcOntWmBuOSdh","For You","LeeHi",61,"6hiwkmlOoNm8F3UkAZJcEz","For You","2020-12-16","TrenChill K-R&B","37i9dQZF1DXbirtHQBuwCo","music","r&b",0.588,0.452,7,-7.778,1,0.039,0.724,0,0.107,0.267,83.936,205120
"4981","4QqROKO0RtV5CvxE7g90uw","Cry For Love","BAEKHYUN",62,"5xOx4mWABbTj0qWyZC4q1p","Bambi - The 3rd Mini Album","2021-03-30","TrenChill K-R&B","37i9dQZF1DXbirtHQBuwCo","music","r&b",0.706,0.692,1,-4.084,0,0.0483,0.338,0,0.113,0.526,136.078,210893
"412","5ziNnhZ1hK100fIUvkDZUH","Stars in The Sky (feat. Jhené Aiko)","Phora",55,"0Y7r7Lb6skivwT5LL284AR","With Love 2","2020-11-06","R&B Hits 2021","1Os7m597ihMJ4xTohCkZIz","music","r&b",0.62,0.444,4,-10.408,1,0.032,0.412,0,0.113,0.3,96.092,254231
"144","0eJOr5krUsBTTgeytfXekh","Beg For It","Chris Brown",0,"6i3z8Mi2dAmXDtg4RrgBnl","F.A.M.E. (Deluxe Version)","2011-04-04","Throwback R&B 90s/00s","7Ll3CWx8VwRan0FFamai5X","music","r&b",0.479,0.433,0,-6.878,0,0.0455,0.164,0,0.0732,0.324,58.396,224280
"1601","7AgcqeRnfXaniwk5gJoqO4","Who's","Jacquees",62,"5XvqoBTu1usooqNP49Vo5x","Who's","2019-05-24","R&B<U+0001F31D><U+0001F699>","2XJrbwmOHAaY8Pgy8Q4UUC","music","r&b",0.693,0.573,10,-7.652,0,0.22,0.0142,0,0.0372,0.457,129.931,185893
"600","5Y7dUgG3vyx3541JagbWvv","This Ain't Love","Giveon",57,"1zHR48K6XtWYm6bhrw4J6C","TAKE TIME","2020-03-27","r&b to vibe to at night ","6qG24vjyiKxiKXkgGEhcNu","music","r&b",0.416,0.455,7,-9.911,1,0.0923,0.464,2.05e-05,0.619,0.408,81.735,164967
"298","4UFZomMO7rcLV2c1LaEhVL","Goldie","Sincerest Don",45,"5j7Hguto264NMP1Am2Avrg","Goldie","2021-02-05","R&B 2000s Greatest hits","1UQxILdfMFpi4kWrqAw1ux","music","r&b",0.658,0.746,7,-4.915,1,0.24,0.213,4.09e-05,0.389,0.694,84.626,138945
"93","2a03afRiyAbNAleOByVju4","Get It Shawty","Lloyd",61,"6Lq7nLkIq7C0zVJp0OGSGO","Street Love","2007-01-01","Throwback R&B 90s/00s","7Ll3CWx8VwRan0FFamai5X","music","r&b",0.822,0.905,5,-4.032,0,0.241,0.123,0,0.0496,0.674,128.014,209533
"123","5cU50IAoAFF7qFWOtdbEjr","I Need a Girl","Trey Songz",56,"44jrX3SThj7pFjOzUTLm85","Ready (Deluxe)","2009-08-31","Throwback R&B 90s/00s","7Ll3CWx8VwRan0FFamai5X","music","r&b",0.602,0.785,7,-6.129,1,0.0578,0.245,0,0.19,0.565,84.038,214480
"100","2mKouqwAIdQnMP43zxR89r","What's Luv? (feat. Ja-Rule & Ashanti)","Fat Joe",73,"6vMgb2mih3pPiWUxF8VEdI","Jealous Ones Still Envy (J.O.S.E)","2001-12-04","Throwback R&B 90s/00s","7Ll3CWx8VwRan0FFamai5X","music","r&b",0.835,0.707,8,-5.074,1,0.0598,0.0219,2.19e-05,0.108,0.919,93.955,267093
"251","3HKk8Pi3gKREOrlFPDc9eC","Back of My Mind (feat. Ty Dolla $ign)","H.E.R.",62,"577SefILL1LFIbsOMP3lm1","Back of My Mind","2021-06-18","Are & Be","37i9dQZF1DX4SBhb3fqCJd","music","r&b",0.626,0.666,1,-5.88,0,0.323,0.111,0,0.0947,0.612,70.307,221173
"3781","69RcVVgigYIqUQBp3OAHk9","Laneway Girl","Pachinko",35,"07hkTmSRrPpj3o61SKllJ1","Laneway Girl","2021-07-14","R&B Hits 2021","1Os7m597ihMJ4xTohCkZIz","music","r&b",0.712,0.362,0,-10.145,0,0.0523,0.336,0,0.127,0.32,122.155,191827
"1271","6jvvpPJQJy5rMOEkLlADl6","Neighbors Know My Name","Trey Songz",58,"44jrX3SThj7pFjOzUTLm85","Ready (Deluxe)","2009-08-31","Throwback R&B 90s/00s","7Ll3CWx8VwRan0FFamai5X","music","r&b",0.663,0.693,7,-5.776,0,0.0635,0.0379,0,0.162,0.391,120.026,186307
"111","2fXwCWkh6YG5zU1IyvQrbs","Broken Clocks","SZA",74,"76290XdXVF9rPzGdNRWdCh","Ctrl","2017-06-09","R&B Mix","37i9dQZF1EQoqCH7BwIYb7","music","r&b",0.692,0.684,6,-7.364,1,0.155,0.131,0,0.156,0.406,112.912,231253
"326","0I3q5fE6wg7LIfHGngUTnV","Ms. Jackson","Outkast",80,"2tm3Ht61kqqRZtIYsBjxEj","Stankonia","2000-10-31","R&B 2000s Greatest hits","1UQxILdfMFpi4kWrqAw1ux","music","r&b",0.843,0.806,4,-5.946,0,0.269,0.143,0,0.0771,0.613,94.948,270507
"190","4ne5HQZKB99ZWMlfacEODq","Slow","Vedo",45,"0iIQUJIfvSw29RxHsfRRnk","From Now On","2017-12-08","R&B<U+0001F31D><U+0001F699>","2XJrbwmOHAaY8Pgy8Q4UUC","music","r&b",0.697,0.456,8,-8.588,1,0.0657,0.0921,0,0.137,0.341,103.026,199028
"234","1yIEiamPoVQGpFsYaImNFY","Inside feat. Trey Songz","Jacquees",51,"03AdJ15pTDdmxry6qkKwlO","4275 (Bonus Version)","2018-09-07","R&B<U+0001F31D><U+0001F699>","2XJrbwmOHAaY8Pgy8Q4UUC","music","r&b",0.71,0.578,11,-5.84,0,0.0604,0.0163,0,0.246,0.512,125.969,248467
"329","4Zq1qPSAWT4lUvhPyf8wC4","Run It! (feat. Juelz Santana)","Chris Brown",0,"4NOKad9mry5ZnAYQIOFhrv","Chris Brown","2005","R&B 2000s Greatest hits","1UQxILdfMFpi4kWrqAw1ux","music","r&b",0.846,0.482,1,-6.721,0,0.129,0.0246,0,0.393,0.212,100.969,229867
"28","43PuMrRfbyyuz4QpZ3oAwN","Exchange","Bryson Tiller",76,"6eZdwrhB97A3EYx9QppGfl","T R A P S O U L","2015-10-02","R&B Mix","37i9dQZF1EQoqCH7BwIYb7","music","r&b",0.525,0.433,6,-10.598,1,0.185,0.107,0,0.135,0.276,160.108,194613
"4391","51C5DGEFEGVxvwdI4HHcHf","Shibuya","MANILA GREY",40,"0C3NEeNrQGx9i189EuWglz","Shibuya (feat. azel north)","2020-08-26","R&B Hits 2021","1Os7m597ihMJ4xTohCkZIz","music","r&b",0.757,0.553,6,-8.931,0,0.0728,0.145,2.55e-06,0.121,0.391,105.018,168507
"335","5MtbypkYkGoYIhmVat6p0t","Hold My Hand (with Akon)","Michael Jackson",36,"0QhwxYDUougJiVDtyN4Lhm","R&B - 100 Hits - The Greatest R n B album - 100 R & B Classics featuring Usher, Pitbull and Justin Timberlake","2013-06-24","R&B 2000s Greatest hits","1UQxILdfMFpi4kWrqAw1ux","music","r&b",0.606,0.72,1,-5.842,1,0.0374,0.191,0,0.108,0.381,90.017,212227
"555","6PYnUsNEpYC7A4BS2sjw3L","Right Back (feat. A Boogie Wit Da Hoodie)","Khalid",65,"36Mq31otog86NGRflpMmkg","Right Back (feat. A Boogie Wit Da Hoodie)","2019-08-13","r&b to vibe to at night ","6qG24vjyiKxiKXkgGEhcNu","music","r&b",0.786,0.428,5,-10.011,0,0.31,0.0933,1.1e-06,0.156,0.556,97.001,255000
"981","7k6IzwMGpxnRghE7YosnXT","Me & U","Cassie",73,"0j1qzjaJmsF1FkcICf3hRu","Cassie (U.S. Version)","2006-08-07","Throwback R&B 90s/00s","7Ll3CWx8VwRan0FFamai5X","music","r&b",0.803,0.454,8,-4.802,0,0.0294,0.352,0,0.0655,0.739,99.99,192213
"435","5mtRwlxDwMSdbb0BQytoMX","I Tried","Always Never",41,"3JoTaJGZDvwC2qC4Sk1v1s","Shadows in My Home","2020-10-30","R&B Hits 2021","1Os7m597ihMJ4xTohCkZIz","music","r&b",0.619,0.5,9,-9.397,0,0.0344,0.0975,3.21e-06,0.0879,0.114,100.174,175200
"505","4yitm2JyWU6MvIXkVeAzej","Encourage","sogumm",2,"5krAfT1ml81CaLIPDZVwZ9","Encourage","2020-11-26","TrenChill K-R&B","37i9dQZF1DXbirtHQBuwCo","music","r&b",0.579,0.57,4,-6.528,1,0.0558,0.639,0,0.121,0.502,152.032,211093
"606","6cSBm4mtcuFtClN6yDvjQo","Love... (Her Fault) [feat. Bryson Tiller]","Bryson Tiller",57,"0JRDNN0AuZZiwyrOWkNDXC","Wow... That's Crazy","2019-10-11","r&b to vibe to at night ","6qG24vjyiKxiKXkgGEhcNu","music","r&b",0.59,0.598,7,-7.153,1,0.609,0.0697,0,0.112,0.34,156.073,212500
"280","2CVJECHIdpe8otFH0XFI4F","My Front Porch Looking In","Lonestar",57,"6FoiXUlfC8amjO8yqmYZM5","Playlist: The Very Best Of Lonestar","1995","2000s Country","37i9dQZF1DXdxUH6sNtcDe","music","country",0.529,0.811,5,-5.62,1,0.0511,0.0317,0,0.311,0.454,102.703,223573
"159","4uNV7GyGEBZzPDdetEEvhS","Heartless (feat. Morgan Wallen)","Diplo",0,"1qfAEnjx3OGSAYvFWsbnWa","Heartless (feat. Morgan Wallen)","2020-01-31","Country Favourites","37i9dQZF1DX13ZzXoot6Jc","music","country",0.647,0.553,11,-6.35,1,0.0421,0.215,0,0.0728,0.272,110.949,172973
"247","7JMUrvUgRCG7HNEywaQcXj","Somebody’s Problem","Morgan Wallen",61,"6LBPsXUjVuNe9ywLY4xgvX","Dangerous: The Double Album (Bonus)","2021-01-29","Country Summer Vibes<U+0001F920>","7lQu0IRGR1qTjWYdZbbKXE","music","country",0.658,0.538,5,-7.676,1,0.0289,0.657,0,0.123,0.62,136.967,161773
"175","779UN3kabApm2zfqX549vf","when was it over? (feat. Sam Hunt)","Sasha Alex Sloan",72,"3AgZTDS1wwPkLMs2HAcWjG","when was it over? (feat. Sam Hunt)","2021-04-23","Country Favourites","37i9dQZF1DX13ZzXoot6Jc","music","country",0.626,0.453,7,-9.295,1,0.0306,0.816,1.91e-06,0.0904,0.494,129.958,218093
"584","712aP3QwYnSpuCYHScgbGn","Heart's In Your Head","Renee Blair",67,"5ymEWtBYleaSuToTcWmasf","Heart's In Your Head","2020-10-23","Hot Country","37i9dQZF1DX1lVhptIYRda","music","country",0.492,0.784,5,-5.158,1,0.0364,0.00403,0.000266,0.115,0.462,175.853,187382
"291","6ej1QJ8eIYmhsyTlvgDajy","Where I Come From","Alan Jackson",58,"26w8J2SKCxa80Bwq6G8ctN","34 Number Ones","2010-11-19","2000s Country","37i9dQZF1DXdxUH6sNtcDe","music","country",0.726,0.631,11,-8.136,0,0.0334,0.22,0,0.193,0.746,124.711,239240
"427","3gyGu4q61wFw4gSPBkkU1P","Honey on My Tongue","Steep Canyon Rangers",44,"7jEF37NiNtivZbr5Ues3QF","Arm in Arm","2020-10-16","Indigo","37i9dQZF1DWUgBy0IJPlHq","music","country",0.409,0.566,0,-6.234,1,0.0347,0.582,3.51e-06,0.11,0.423,181.783,203347
"582","6o0sttjutkWGYefP7OsaYX","I Get That With You","Josh Melton",67,"5GclVHfgWVglhbVOom2TIx","I Get That With You","2021-04-09","Hot Country","37i9dQZF1DX1lVhptIYRda","music","country",0.617,0.802,9,-6.728,1,0.0347,0.0251,0,0.206,0.425,106.011,189387
"591","4QpWhd7l2NrmGmfw4qGlpa","Next Girl","Carly Pearce",71,"6H1IElgVZIcO8HCsj3kAnk","Next Girl","2020-09-04","Hot Country","37i9dQZF1DX1lVhptIYRda","music","country",0.583,0.867,11,-4.17,1,0.0637,0.143,0,0.0863,0.962,160.096,164678
"374","1TKPfF2fvn6gVLVfp3iG4j","I Walk The Line - Single Version","Johnny Cash",49,"1UivGyqPLpky3vtZ2ARHOY","Sings the Songs that Made Him Famous","1958-01-01","Country Mix","37i9dQZF1EQmPV0vrce2QZ","music","country",0.862,0.484,10,-11.183,1,0.0421,0.798,0.00105,0.105,0.787,105.834,163046
"235","3pJkBPHadRAxBBo484RipI","Sixteen","Thomas Rhett",64,"4w5Jvreahp3yvLqc4vCr9I","Life Changes","2017-09-08","Country Summer Vibes<U+0001F920>","7lQu0IRGR1qTjWYdZbbKXE","music","country",0.705,0.531,1,-7.031,1,0.0281,0.0135,2.11e-06,0.165,0.425,107.013,178333
"302","7xoBJ4hih949Jeu5ZfzBai","Gimmie That Girl","Joe Nichols",58,"3zxEHlYXrIXseV7gTl3CQ0","Old Things New","2009","2000s Country","37i9dQZF1DXdxUH6sNtcDe","music","country",0.5,0.9,2,-3.577,1,0.117,0.205,0.000251,0.694,0.675,162.249,185453
"456","54ST44raZeEPHldDpV0x2m","Golden Child","Mercy Bell",28,"3zgi09x1GpxbxjBx087ajX","Golden Child","2021-07-09","Indigo","37i9dQZF1DWUgBy0IJPlHq","music","country",0.43,0.678,0,-4.532,1,0.0311,0.00927,0.429,0.094,0.701,154.87,239137
"368","0NmuYnjETG3u3qx0OmEJev","Lil Bit","Nelly",81,"6aw4FMaYoLmhMZEI5dcq8I","Lil Bit","2020-10-23","Country Mix","37i9dQZF1EQmPV0vrce2QZ","music","country",0.707,0.689,4,-7.097,0,0.0387,0.0255,0,0.383,0.41,119.987,195962
"130","77Bt2DXJE1R1qsnm4D10Ox","Breakups","Seaforth",70,"59PZ1sBuiJjiLLL5qCvoua","Breakups","2021-01-14","Country Favourites","37i9dQZF1DX13ZzXoot6Jc","music","country",0.531,0.552,1,-5.945,1,0.0309,0.436,0,0.0786,0.328,74.931,223129
"431","1vpiutisvVInbnpeVDkALo","Old Enough to Know","Blackberry Smoke",42,"4RTNA0EiZA2ZXkJnX6mt7g","You Hear Georgia","2021-05-28","Indigo","37i9dQZF1DWUgBy0IJPlHq","music","country",0.549,0.31,9,-11.092,1,0.0324,0.849,9.04e-05,0.102,0.184,73.053,208856
"248","1jtL6s91qY9BF0gIZoS6gq","More Surprised Than Me","Morgan Wallen",60,"6LBPsXUjVuNe9ywLY4xgvX","Dangerous: The Double Album (Bonus)","2021-01-29","Country Summer Vibes<U+0001F920>","7lQu0IRGR1qTjWYdZbbKXE","music","country",0.516,0.748,6,-6.049,1,0.0289,0.241,0,0.123,0.433,85.004,157440
"581","3J5jotqUAjU479WhAiNkpU","Freedom Was A Highway","Jimmie Allen",72,"7wftPNQFSMYlpxzNMPHo1h","Bettie James","2020-07-10","Country Cookout","37i9dQZF1DXbIbVYph0Zr5","music","country",0.563,0.847,1,-4.493,1,0.0468,0.0891,0,0.121,0.666,96.06,212720
"35","5vLonpxn4VN0A8GtQOBSG0","When the Sun Goes Down","Kenny Chesney",67,"052CF6cpp0nAH67yuUrIp7","When The Sun Goes Down","2004-01-22","Country Cookout","37i9dQZF1DXbIbVYph0Zr5","music","country",0.798,0.741,9,-6.802,1,0.0284,0.0432,3e-06,0.252,0.708,104.945,290560
"1602","4MCPNnJkkIzNGCCBE9XVhX","Details","Billy Currington",56,"1DhZmHOl9X53v5LQMgBV1u","Details","2019-07-19","Country Favourites","37i9dQZF1DX13ZzXoot6Jc","music","country",0.678,0.714,5,-4.03,1,0.111,0.0164,0,0.298,0.868,139.991,201053
"509","10ps1I1sIMRNZW11eceN7W","Where I Come From","Montgomery Gentry",60,"5Fyd02GgT2LAvd812dZ0Lm","Rebels on the Run","2011-10-18","Country Music 2010-2021 <U+0001F351>","0J74JRyDCMotTzAEKMfwYN","music","country",0.62,0.852,1,-4.203,1,0.0308,0.0108,4.94e-06,0.279,0.479,90.038,201840
"373","1JTQG8J8jN8tjDTyUWnaRe","Ride the Lightning - 717 Tapes","Warren Zeiders",57,"3467Wn1M2kESux2YS9Rczi","Ride the Lightning (717 Tapes)","2021-06-25","Country Mix","37i9dQZF1EQmPV0vrce2QZ","music","country",0.576,0.474,1,-6.342,1,0.0331,0.75,8.74e-05,0.0944,0.4,77.834,186459
"87","1TanmIWbaUj5NVwJ3k4XPd","Write This Down","George Strait",67,"2Kudx2lMsMx3svYdb2xe2F","Always Never The Same","1999-01-01","Country Cookout","37i9dQZF1DXbIbVYph0Zr5","music","country",0.729,0.688,3,-7.468,1,0.0264,0.127,9.44e-06,0.295,0.671,123.867,219600
"519","5T6DM9qjjngWnukcw0svkX","Round Here","Florida Georgia Line",64,"5MH765pytbQasmDxXArTah","Here's To The Good Times","2012-01-01","Country Music 2010-2021 <U+0001F351>","0J74JRyDCMotTzAEKMfwYN","music","country",0.523,0.954,1,-3.051,1,0.0374,0.00385,1.65e-06,0.243,0.901,141.982,215120
"2001","2Fk0WwAqTBesLtKg97nojy","Crash and Burn","Thomas Rhett",65,"4ykbJPI8MPscFzROE8dqLy","Tangled Up","2015-01-01","Country Summer Vibes<U+0001F920>","7lQu0IRGR1qTjWYdZbbKXE","music","country",0.69,0.781,5,-5.101,0,0.0305,0.0873,2.28e-06,0.164,0.841,130.02,190733
"64","0adTN3vBO3pimO3yfxm9vg","Dirt Road Anthem","Jason Aldean",0,"6XlhLxwKLIdNLBko1SYUvG","My Kinda Party","2010-11-02","Country Cookout","37i9dQZF1DXbIbVYph0Zr5","music","country",0.677,0.739,2,-5.068,1,0.0352,0.32,2.36e-06,0.12,0.658,127.04,229413
"1042","5cuYa1jn3hohHZJCGC0B7d","Leave Her Wild","Tyler Rich",0,"0Gt8v6wbQ7YXyd0IfdrFlJ","Leave Her Wild","2019-04-26","Country Favourites","37i9dQZF1DX13ZzXoot6Jc","music","country",0.402,0.754,0,-5.268,1,0.0571,0.0394,0,0.128,0.502,173.887,199629
"467","7F4WQ6WwJLVEDpjR9MG3bw","Sad Songs and Waltzes (with Willie Nelson)","Cody Johnson",50,"4sKrlN6o8XBEpRybKt7A28","Sad Songs and Waltzes (with Willie Nelson)","2021-05-14","Indigo","37i9dQZF1DWUgBy0IJPlHq","music","country",0.546,0.351,11,-8.279,1,0.0271,0.701,3.14e-06,0.0997,0.283,105.79,211867
"494","40T9vgCE3W4Y6QePIkQBEm","Hillbilly Bone","Blake Shelton",51,"5O0HiqJxZsY2Ma2nQy12gi","Cowboy's Back In Town (Deluxe Edition)","2010-01-01","Country Music 2010-2021 <U+0001F351>","0J74JRyDCMotTzAEKMfwYN","music","country",0.603,0.946,7,-4.172,1,0.0463,0.0558,6.51e-05,0.114,0.912,144.019,224907
"323","3QV7NYkrmV0Q0IHdFJw9hO","She Thinks My Tractor's Sexy","Kenny Chesney",64,"67qNNUSHekqSliS7Q1XZj6","Everywhere We Go","1999-02-26","2000s Country","37i9dQZF1DXdxUH6sNtcDe","music","country",0.689,0.886,10,-7.066,0,0.0382,0.0664,0,0.278,0.906,122.07,248067
"131","2bV4NwncWMnVvcWyU2yxwB","hole in the bottle (with Shania Twain)","Kelsea Ballerini",61,"16by1M7adOE6AeoyLzQZVc","hole in the bottle (with Shania Twain)","2020-11-13","Country Favourites","37i9dQZF1DX13ZzXoot6Jc","music","country",0.598,0.839,4,-4.605,1,0.111,0.106,0,0.372,0.783,105.084,156276
"503","3DrjZArsPsoqbLzUZZV1Id","Back To December","Taylor Swift",63,"5MfAxS5zz8MlfROjGQVXhy","Speak Now","2010-10-25","Country Music 2010-2021 <U+0001F351>","0J74JRyDCMotTzAEKMfwYN","music","country",0.529,0.67,2,-4.663,1,0.0303,0.117,0,0.334,0.286,141.893,293027
"381","3X7H1FAiWAW937WvsFeMhe","One Too Many","Keith Urban",68,"4F3rUFQcKJm6b1BsJRwAbf","THE SPEED OF NOW Part 1","2020-09-18","Country Mix","37i9dQZF1EQmPV0vrce2QZ","music","country",0.697,0.535,4,-6.504,1,0.068,0.247,0,0.569,0.594,82.959,203893
"3541","39q7xibBdRboeMKUbZEB6g","Take Me Home, Country Roads","John Denver",76,"5oH6XhYgqwJ9x6iw6azNiO","The John Denver Collection, Vol 1: Take Me Home Country Roads","1997-06-17","Country Mix","37i9dQZF1EQmPV0vrce2QZ","music","country",0.255,0.43,9,-12.564,1,0.0322,0.546,1.87e-05,0.188,0.546,164.267,197813
"2031","5mwJNru5JwQLURdjhIqgXX","The Day You Left","Poo Bear",53,"4AJcmfEHyRfbfvTDFY0H9P","The Day You Left","2021-06-11","Country Summer Vibes<U+0001F920>","7lQu0IRGR1qTjWYdZbbKXE","music","country",0.602,0.531,1,-7.309,0,0.0488,0.182,0.000148,0.421,0.0399,159.885,246747
"2401","3kgCJPXDlnL5bl1HFesHUi","Every Little Thing","Russell Dickerson",68,"6NxQDh433Rl4EQXT6QiQCE","Yours","2017-06-16","Country Summer Vibes<U+0001F920>","7lQu0IRGR1qTjWYdZbbKXE","music","country",0.637,0.853,1,-4.664,1,0.109,0.216,0,0.0357,0.861,93.87,190640
"2161","6FniJZn4agmDtPx1pKZQsa","More Than My Hometown","Morgan Wallen",4,"3YxTy8m1OZ3oNSdxYprbIg","More Than My Hometown","2020-04-17","Country Summer Vibes<U+0001F920>","7lQu0IRGR1qTjWYdZbbKXE","music","country",0.621,0.882,6,-5.01,1,0.0459,0.601,0,0.132,0.574,126.014,216573
"3712","2xYQTU2bbg6WVAmpY1eae4","Always on My Mind","Willie Nelson",64,"5lSPP40Df9t2nkusLZtXTb","Always On My Mind","1982-02-01","Country Mix","37i9dQZF1EQmPV0vrce2QZ","music","country",0.524,0.261,2,-13.868,1,0.0272,0.755,0.00105,0.144,0.201,73.36,212667
"1381","3DA4SE262k6rdEtlHteNyq","Die From A Broken Heart","Maddie & Tae",69,"1HixYJpe6AJWGDpEbb7ZuE","The Way It Feels","2020-04-10","Country Favourites","37i9dQZF1DX13ZzXoot6Jc","music","country",0.596,0.522,9,-6.633,1,0.0358,0.373,0,0.291,0.443,76.042,188320
"4241","6wxycfZSjLIc8RqNMEyiHE","The Conversation","The Wilder Blue",37,"18VcoKNHHGvNeFB6fxsxOx","The Conversation","2021-06-21","Indigo","37i9dQZF1DWUgBy0IJPlHq","music","country",0.527,0.799,2,-7.777,1,0.0329,0.0205,0.0106,0.266,0.86,146.409,236133
